{
  "batch_size_1": {
    "batch_size": 1,
    "num_images": 1000,
    "total_time": 1983.693965435028,
    "image_throughput": 0.5041100176864721,
    "token_throughput": 29.78332395493446,
    "total_tokens": 59081,
    "peak_memory_gb": 3.719724655151367
  },
  "batch_size_2": {
    "batch_size": 2,
    "num_images": 1000,
    "total_time": 1090.4179813861847,
    "image_throughput": 0.9170795209454987,
    "token_throughput": 58.89851515320371,
    "total_tokens": 64224,
    "peak_memory_gb": 3.730072498321533
  },
  "batch_size_4": {
    "batch_size": 4,
    "num_images": 1000,
    "total_time": 549.228634595871,
    "image_throughput": 1.8207353677686744,
    "token_throughput": 118.34779890496384,
    "total_tokens": 65000,
    "peak_memory_gb": 3.7464985847473145
  }
}